{
  "Börry": {
    "mu_1": 6.124873373222396,
    "mu_2": 7.917177800259307,
    "sigma_1": 0.8353532950415604,
    "sigma_2": 0.6383537051511982,
    "weight_1": 0.26578883832356753,
    "weight_2": 0.7342111616764325,
    "n_flights": 3072,
    "bic": 8648.942383617907,
    "aic": 8618.791963146568
  },
  "Brunsberg": {
    "mu_1": 6.313780298937668,
    "mu_2": 8.546390987808532,
    "sigma_1": 0.7158535086850049,
    "sigma_2": 0.5808531377516091,
    "weight_1": 0.31256274571381476,
    "weight_2": 0.6874372542861852,
    "n_flights": 1786,
    "bic": 5230.493967047396,
    "aic": 5203.055298240214
  },
  "Rammelsberg NW": {
    "mu_1": 6.337260630609785,
    "mu_2": 8.259985747093703,
    "sigma_1": 0.6511984455741435,
    "sigma_2": 0.6704719341952877,
    "weight_1": 0.42056997227328397,
    "weight_2": 0.579430027726716,
    "n_flights": 3077,
    "bic": 9306.049552806357,
    "aic": 9275.891000929747
  },
  "Rammelsberg SW": {
    "mu_1": 5.942357166839929,
    "mu_2": 8.594720199595006,
    "sigma_1": 0.6082756212705762,
    "sigma_2": 0.8900471224009094,
    "weight_1": 0.6034485197430217,
    "weight_2": 0.39655148025697823,
    "n_flights": 118,
    "bic": 410.58897168431884,
    "aic": 396.7355485619905
  },
  "Porta": {
    "mu_1": 6.8686491451180185,
    "mu_2": 8.694513175892913,
    "sigma_1": 0.876333340261663,
    "sigma_2": 0.4762846152989525,
    "weight_1": 0.17536268079407963,
    "weight_2": 0.8246373192059203,
    "n_flights": 2401,
    "bic": 5390.313321050637,
    "aic": 5361.39511806953
  },
  "Königszinne": {
    "mu_1": 6.261565632742147,
    "mu_2": 8.296132606699404,
    "sigma_1": 0.8267770454413651,
    "sigma_2": 0.6585596518149216,
    "weight_1": 0.37239769790416033,
    "weight_2": 0.6276023020958396,
    "n_flights": 638,
    "bic": 2015.9773562781013,
    "aic": 1993.6856648613773
  }
}